CustomerID,CustomerName,Region,CustomerType
CUST2373,Melissa Davis,South,Standard
CUST2779,Joseph Shelton,North,Basic
CUST2732,Ralph Hood,North,Basic
CUST1815,Amy Green,East,Premium
CUST2913,Dawn Hines,South,Standard
CUST1241,Karina Lane,North,Premium
CUST2392,Brendan Smith,North,Standard
CUST2277,Margaret Fuller,North,Premium
CUST1977,Roger Madden,West,Basic
CUST1598,Christina Young,West,Basic
CUST1783,Gloria Harris,North,Standard
CUST2199,Ashley Ellis,North,Standard
CUST1976,Tara Carter,South,Premium
CUST2508,Natalie Jones,West,Standard
CUST2431,Matthew Myers,North,Basic
CUST1169,Carolyn Wallace,North,Premium
CUST1637,Darryl Martin,West,Premium
CUST1983,Anthony Preston,North,Premium
CUST1558,Craig Mcclain,East,Premium
CUST1370,Erika Martinez,East,Premium
CUST2979,Mary Bryant,North,Standard
CUST2249,Dawn Bailey,South,Standard
CUST2016,Melvin Romero,South,Standard
CUST2640,Darlene Young,East,Standard
CUST2422,Susan Hall,South,Premium
CUST2782,Erin Vega,West,Premium
CUST2450,Tiffany Lopez,East,Standard
CUST1330,Susan Quinn,South,Premium
CUST1100,George Morris,South,Standard
CUST2020,Scott Miller,West,Standard
CUST1195,Roger Thomas,South,Standard
CUST2274,Ronald Olsen,South,Basic
CUST1174,Michael Moore,South,Basic
CUST2464,Todd Harmon,South,Basic
CUST1295,David Phillips DVM,East,Basic
CUST1541,Donna Ewing,South,Basic
CUST1371,Eduardo Lloyd,North,Premium
CUST1074,Jonathan Tucker,West,Premium
CUST2583,Jeremy Johnson,North,Basic
CUST1402,James Clarke,North,Premium
CUST2058,Elizabeth Simmons,East,Premium
CUST1719,Willie Williams,South,Basic
CUST1216,Felicia Lloyd MD,West,Premium
CUST1004,Carolyn Thompson,East,Basic
CUST2784,Monica Ramirez,West,Standard
CUST2394,Antonio Moss,South,Standard
CUST1487,Tiffany Gonzalez,East,Standard
CUST1920,Joseph Brown,East,Basic
CUST1272,Andrew Walker,North,Standard
CUST1348,Beth Zavala,East,Standard
CUST1413,Brittany Cline,South,Basic
CUST2868,Carrie Adams,North,Standard
CUST1521,Charles Ball,North,Premium
CUST2744,Ann Nixon,North,Premium
CUST2954,Teresa Brown,East,Premium
CUST1742,Anthony Howell,South,Premium
CUST1395,Michael Crawford,North,Premium
CUST1522,Elizabeth Buck,West,Standard
CUST2722,Randy Velez,East,Premium
CUST1506,Cody Thompson,South,Basic
CUST1995,Angie Rush MD,West,Standard
CUST2664,Diane Diaz,South,Standard
CUST1258,Aaron Farley,West,Standard
CUST2802,Megan Rogers,North,Standard
CUST2368,Richard Williams,West,Premium
CUST2036,Allison Norton,South,Premium
CUST1490,Tracy Miller,North,Premium
CUST1811,Lisa Davis,South,Premium
CUST1555,Jeffrey Martin,North,Basic
CUST2929,Suzanne Davis,North,Basic
CUST2559,Joseph Sawyer,North,Standard
CUST1029,Lauren Payne,South,Premium
CUST2517,Justin Kelly,South,Standard
CUST2666,Nicole Davis,West,Basic
CUST2913,Brendan Whitney,North,Basic
CUST1284,Jennifer Burton,South,Standard
CUST2647,Brittney Ballard,South,Premium
CUST2826,Michael Hines,South,Basic
CUST2558,Emily Fisher,North,Standard
CUST1682,Brittany Vega,South,Premium
CUST2421,Jessica Callahan,South,Standard
CUST1873,Justin Mejia MD,East,Premium
CUST2139,Karen Sweeney,East,Standard
CUST1114,Daniel Richard,East,Premium
CUST2369,James Johnson,East,Premium
CUST1202,Luis Rowe,South,Basic
CUST1570,Sean Wallace,South,Standard
CUST1425,Jonathan Kirk,West,Basic
CUST1003,Brian Castillo,North,Standard
CUST2813,Joy Roberts,South,Premium
CUST2647,Tyler Fisher,East,Basic
CUST2219,Amy Fletcher,East,Basic
CUST1399,Barbara Li,West,Basic
CUST2167,Joseph Hernandez,South,Basic
CUST1117,Danielle Ward,North,Standard
CUST1785,Haley Bryant MD,West,Basic
CUST2034,Mitchell Kennedy,North,Basic
CUST2149,Hayden Morton,East,Premium
CUST1318,Angela Hunt,West,Premium
CUST1008,Stephanie Jones,East,Standard
CUST1182,Erika Salinas,South,Standard
CUST2199,Holly Taylor,West,Standard
CUST1023,Hailey Phillips,South,Basic
CUST2942,Eric Gilmore,North,Basic
CUST2642,Timothy Ochoa,South,Standard
CUST1245,Melinda Brown,West,Standard
CUST2832,Patricia Sanders,East,Premium
CUST2595,Jeffrey Perez,North,Premium
CUST2454,Denise Lopez,South,Standard
CUST1923,Matthew Gomez,West,Standard
CUST2042,Kristen Ford,North,Standard
CUST1762,Brian Burton,South,Basic
CUST1613,Juan Welch,South,Standard
CUST1636,John Pollard,West,Standard
CUST2217,Edward Thomas,East,Standard
CUST1885,Tyler Randall,East,Premium
CUST1038,Lindsay Garcia,East,Standard
CUST1202,Michelle Lopez,West,Basic
CUST2270,Stacey Owens,North,Premium
CUST1353,Eric Malone,West,Premium
CUST1323,Leslie Mason,East,Standard
CUST2823,Michaela Smith,North,Premium
CUST1767,Melissa Howe,North,Basic
CUST1981,Jonathan Merritt,East,Basic
CUST1550,Kathleen Duke,East,Standard
CUST2559,Cindy Allison,East,Standard
CUST1991,William Tucker,North,Basic
CUST1274,Jeremy Herrera,South,Basic
CUST2253,Kimberly French,North,Premium
CUST1543,Carolyn Rodriguez,North,Premium
CUST1996,Bryan Jensen,South,Standard
CUST2028,Leslie Arellano,East,Standard
CUST2943,Jeffrey Hunter,West,Basic
CUST2431,Robert Rojas,East,Standard
CUST1466,Kimberly Gonzalez,South,Premium
CUST2712,Monica Walker,South,Premium
CUST2713,David Baker,North,Basic
CUST2036,Alicia Cline,East,Standard
CUST1586,Sean Rice,East,Standard
CUST2247,Kathleen Evans,North,Basic
CUST2288,Daniel Jones,South,Premium
CUST2308,Maria Strickland,North,Premium
CUST2478,Mary Spence,North,Premium
CUST2492,Stephen Mitchell,West,Standard
CUST1272,Brian White,North,Basic
CUST1074,Steven Martin,North,Basic
CUST2333,Miss Stephanie Robbins MD,East,Premium
CUST1346,Benjamin Prince,West,Premium
CUST1285,James Black,South,Standard
CUST1924,Danny Morales,West,Basic
CUST2679,Wesley Liu,South,Premium
CUST1690,Daniel Peterson,South,Basic
CUST1760,Kevin Bryant,East,Basic
CUST2732,Raymond Mason,South,Premium
CUST2417,Brittany Miller,South,Standard
CUST2576,Eduardo Williams,East,Basic
CUST2568,Albert Drake,South,Premium
CUST2542,Eddie Davis,East,Standard
CUST1676,Dawn Yates,East,Premium
CUST1835,Joseph Lawrence,East,Premium
CUST2371,Megan Shepherd,East,Standard
CUST1114,Scott Williams,South,Standard
CUST1348,Albert Johnson,South,Standard
CUST2727,Steven Morrison,North,Standard
CUST2088,Joshua Mendez,North,Premium
CUST1053,Becky Wilson,North,Basic
CUST2318,Mary Rasmussen,East,Standard
CUST2969,Hannah Hardy,South,Standard
CUST1552,John Larson,West,Basic
CUST1324,Megan White,East,Standard
CUST1012,Angela Black,East,Premium
CUST2310,John Jones,East,Standard
CUST2818,Jerome Martin,East,Basic
CUST1568,Jorge Powell,East,Standard
CUST2635,Rebecca Johnson,East,Premium
CUST2354,Danielle Roberts,South,Premium
CUST1789,Frank Hartman,West,Standard
CUST2450,Susan Salinas,West,Basic
CUST2141,Michelle Lopez,North,Premium
CUST1880,Marcus Valenzuela,East,Standard
CUST2021,Mr. Kenneth Solomon IV,West,Basic
CUST2588,John Woods,East,Premium
CUST2696,Alicia Sloan,South,Standard
CUST1018,Kevin Jenkins,East,Standard
CUST1118,Renee Hunter,West,Standard
CUST2116,David Owen,North,Standard
CUST2265,Robert Allen,East,Premium
CUST2489,Lori Bryan,East,Standard
CUST2355,Teresa Best,East,Basic
CUST2855,Brady Miller,South,Premium
CUST1265,Jonathan Salazar,West,Standard
CUST2646,Sarah Alexander,West,Standard
CUST1812,Jose Cortez,West,Premium
CUST1317,Nathan Stein,South,Premium
CUST2161,Taylor Silva,South,Premium
CUST2636,William Cooper,West,Standard
CUST2777,Amy Sherman,West,Standard
CUST1425,Tiffany Chavez,North,Standard
CUST1265,Derrick Anderson,North,Standard
CUST1792,Gina Cox,South,Standard
CUST2685,James Alexander,West,Basic
CUST1070,Ronald Wagner,West,Premium
CUST2912,Xavier Boone,South,Basic
CUST1477,Debra Collins,West,Basic
CUST1104,Luis Peterson DDS,East,Standard
CUST2902,Julia Hood,East,Basic
CUST1561,Robin Smith,East,Basic
CUST1074,Gregory Logan,South,Premium
CUST2649,Rebekah Miller,South,Basic
CUST2707,Amanda Morris,North,Standard
CUST1373,Diana Bernard,South,Standard
CUST1587,James Collins,North,Basic
CUST2216,Jennifer Brown,North,Standard
CUST1971,Leslie Doyle,South,Basic
CUST2205,Anna Hess,West,Basic
CUST2643,Carl Bell,West,Basic
CUST1710,Kathryn Johnson,South,Basic
CUST2245,Amanda Marshall,East,Premium
CUST2733,Corey Chavez,South,Basic
CUST1228,Victoria Gonzalez,West,Standard
CUST1955,Sandra Lopez,East,Standard
CUST1976,Jason Day,North,Basic
CUST2120,Lisa Boyle,South,Standard
CUST2931,Jacqueline Johnson,North,Premium
CUST2309,Gerald Lee,East,Basic
CUST1177,Raymond Flores,West,Basic
CUST1504,Virginia Huang PhD,East,Premium
CUST1345,Jacob Powers,East,Standard
CUST1173,Michael Drake,South,Standard
CUST2590,Dennis Nelson,North,Basic
CUST2486,Gabrielle Knight,East,Standard
CUST2766,Tamara Brown,East,Basic
CUST2531,David Jensen,West,Basic
CUST1004,Bradley Barnes,South,Basic
CUST2050,Randy Alexander,South,Standard
CUST2679,Reginald Lopez PhD,South,Standard
CUST1876,Tonya Gonzales,East,Standard
CUST2730,Ronald Ellis,South,Standard
CUST1921,Jason Martinez,North,Standard
CUST2389,Stephanie Thomas,North,Premium
CUST1084,Erica Brown,West,Basic
CUST2221,Melissa Flores,North,Basic
CUST2436,Ian Harris,West,Standard
CUST2711,Amy Mcdonald,North,Premium
CUST2131,Gina Morris,North,Basic
CUST1915,Stephen Kane,East,Standard
CUST2963,Julie Lewis,West,Basic
CUST1252,Richard Moreno,North,Standard
CUST2255,Sarah Oliver,North,Standard
CUST2628,Theresa Padilla,East,Premium
CUST2318,Joshua Wright,East,Premium
CUST2172,Brian Edwards,South,Basic
CUST2538,Amy Davis,North,Premium
CUST2327,Kevin Berry,South,Premium
CUST1415,Ricardo George,South,Premium
CUST2248,Cheryl Martin,North,Standard
CUST2264,Beth Scott,South,Premium
CUST1032,Sarah Armstrong,North,Premium
CUST1402,Joshua Pena,West,Standard
CUST2477,Elizabeth Perry,South,Basic
CUST2571,Cynthia Obrien,North,Premium
CUST1648,Sarah Bishop,North,Premium
CUST1717,Tammy Stewart,West,Basic
CUST2703,Michael Chan,North,Standard
CUST2184,Monique Peters,South,Basic
CUST1901,Tina Miles,West,Basic
CUST1792,Elizabeth Cameron,East,Basic
CUST1250,Lisa Williams,East,Standard
CUST2089,Taylor Higgins,South,Basic
CUST2278,Sierra Martin,East,Basic
CUST2099,Heather Oneill,South,Basic
CUST2665,Jordan Elliott,North,Premium
CUST2108,Anita Jones,South,Standard
CUST2442,Jill Hunt,South,Premium
CUST1531,Sharon Lang,South,Basic
CUST1330,Heather Newton,East,Premium
CUST1205,Alexis Glass,East,Premium
CUST1204,Nicholas Garrett,North,Premium
CUST1889,Kelly Myers,West,Standard
CUST1651,Kathy Bennett,North,Standard
CUST2711,Curtis White,West,Basic
CUST2043,Paul Ellis,East,Standard
CUST1468,Heather Knight,North,Basic
CUST2514,Alejandra Baker,East,Basic
CUST2632,William Henry,South,Premium
CUST2538,Brian Gutierrez,South,Premium
CUST1724,Michelle Soto,North,Premium
CUST1191,Bradley Nguyen,North,Basic
CUST2517,Thomas Morris,North,Standard
CUST1599,Edward Nelson,South,Basic
CUST1626,Robert Collier,North,Standard
CUST1340,Derrick Robinson,East,Premium
CUST1841,Hannah Stevens,East,Basic
CUST2590,Anna Wallace,North,Standard
CUST1632,Nicholas Gonzalez,South,Premium
CUST1655,Sharon Jones,South,Standard
CUST1651,Michael Hunter,East,Premium
CUST1310,Tara Mendez,West,Basic
CUST2500,Karen Wallace,North,Premium
CUST1468,Jonathan Fry,East,Basic
CUST1323,Sarah Gutierrez,North,Premium
CUST2712,Michael Sutton,West,Standard
CUST1786,Lindsay Adkins,West,Basic
CUST1257,Kyle Jackson,South,Premium
CUST2340,Katherine Hughes,South,Premium
CUST2216,Carl Winters,East,Premium
CUST1529,Victor Wright,North,Premium
CUST1581,Andrew Baldwin,South,Standard
CUST1897,Samantha Blair,North,Basic
CUST2003,Natasha Olson,South,Premium
CUST2255,Tracy Gonzales,South,Premium
CUST2262,Benjamin Robles,West,Standard
CUST1612,Jennifer Cook,South,Standard
CUST1238,Gabrielle Burton,West,Standard
CUST2433,Joseph Solis,East,Premium
CUST1593,Tabitha Humphrey,South,Standard
CUST1357,Gerald Meza,South,Premium
CUST1143,Jennifer Garcia,South,Standard
CUST1870,Sara George,East,Premium
CUST2648,Leslie Winters,North,Standard
CUST2558,Anthony Dixon,North,Standard
CUST1028,Lucas Fritz,North,Basic
CUST2806,Mr. Austin Ochoa MD,South,Premium
CUST1905,Heather Livingston,North,Standard
CUST1203,Deborah Reeves,North,Premium
CUST2442,Taylor Estrada,West,Premium
CUST2039,Joseph Suarez,West,Basic
CUST2580,Susan Wilson,North,Premium
CUST1513,Rachael Walsh,South,Standard
CUST1950,Alexander Erickson,South,Premium
CUST1497,Deanna Blankenship,East,Standard
CUST1856,Brian Howell,North,Standard
CUST1089,Barbara Thomas,North,Standard
CUST1436,Christopher Lester,East,Premium
CUST2740,Tonya Montgomery,West,Standard
CUST2512,Michael Paul,North,Standard
CUST2728,Emily Hansen,South,Basic
CUST2548,Christopher Ellis,East,Premium
CUST2182,Frank Mccarthy,North,Premium
CUST2461,Andrea Harris,East,Basic
CUST2048,David Williams,North,Standard
CUST1664,Stacey Taylor,East,Basic
CUST1429,Alejandra Lucas,West,Basic
CUST1365,Bill Marshall,South,Standard
CUST2909,Amanda Davis,East,Basic
CUST1700,Tony Francis,West,Standard
CUST2534,Lindsay Anderson,West,Basic
CUST1835,Tracy Walker,East,Basic
CUST1608,Russell Becker,East,Basic
CUST2458,Thomas Morgan,North,Standard
CUST1637,David Galloway,East,Premium
CUST2634,Kyle Torres,South,Standard
CUST1417,Jason Miller,North,Basic
CUST2146,Marvin Alexander,East,Basic
CUST1985,Sean Weaver,West,Basic
CUST1238,Marcus Tran,West,Standard
CUST1797,Mr. Michael Washington,East,Premium
CUST2015,Holly Nguyen,North,Basic
CUST1815,Phillip Clark,South,Basic
CUST1464,Michelle Allen,West,Basic
CUST1461,John Clark,West,Premium
CUST2143,Andrea Adams,North,Premium
CUST1286,Heidi Allen,North,Basic
CUST2178,Cheryl Ortega,South,Basic
CUST1095,Kathryn Campbell,South,Premium
CUST2068,Gina Gallagher,North,Basic
CUST2190,Tyler Boyd,East,Premium
CUST1397,Anthony Dunn,North,Standard
CUST2239,Melissa Evans,North,Premium
CUST1909,Derek Mclaughlin,South,Basic
CUST1136,Barbara Jackson,North,Premium
CUST1663,Christopher Ortiz,West,Standard
CUST1417,Alexander Williams,East,Premium
CUST2980,Ana Hampton MD,South,Basic
CUST2442,Evan Phillips,South,Premium
CUST2756,Maria Garcia,West,Basic
CUST1192,Lawrence Matthews,East,Standard
CUST2406,Mr. James Randall,East,Premium
CUST2726,Elizabeth Williams,North,Premium
CUST2527,Pamela Davidson,West,Premium
CUST2422,Austin Sanchez,South,Basic
CUST2741,Jill Matthews,West,Basic
CUST1975,Matthew Lee,West,Basic
CUST1303,Julie Spears,West,Premium
CUST1748,James Reed,East,Standard
CUST1137,Sarah Garrison,West,Basic
CUST1227,Joseph Kennedy DVM,South,Standard
CUST2654,Melissa Nelson,East,Basic
CUST1876,Jennifer Roberts,South,Basic
CUST2447,Stacy Curry,East,Basic
CUST1844,Ryan Hughes,North,Premium
CUST1090,Darlene Murphy,South,Basic
CUST2314,Kristin Wang,South,Standard
CUST1298,Tyler Jones,East,Standard
CUST2699,Danielle Hoffman,West,Basic
CUST1774,Gavin Allen,East,Basic
CUST1747,Christopher Page,South,Standard
CUST1440,Jessica Boyer,East,Premium
CUST2130,John Martinez,North,Standard
CUST2218,Kimberly Armstrong,North,Standard
CUST2796,Kimberly Dalton,East,Premium
CUST2903,Tammy Kelley,North,Basic
CUST2298,Lori Rose,East,Standard
CUST2686,Miguel Martinez,West,Standard
CUST1941,Jeffery Graham,West,Premium
CUST1186,Tiffany Patterson,West,Basic
CUST1587,Linda Vega,South,Standard
CUST2281,Robert Owens,South,Premium
CUST1023,Warren Pittman,South,Premium
CUST2861,Mark Mckinney,East,Premium
CUST2658,Terry Young,East,Standard
CUST1436,Dawn Brewer,South,Premium
CUST2994,Joshua Glover,West,Standard
CUST1359,Joel Johnson,North,Basic
CUST2314,Leon Doyle,South,Standard
CUST1577,Chad Davis,East,Standard
CUST1697,Heather Weber,South,Standard
CUST1850,Juan Jones,South,Standard
CUST1056,Brooke Reed,West,Standard
CUST2689,Angelica Hayes,West,Standard
CUST2265,Jamie Bradley,East,Basic
CUST1171,Martin Bryant,South,Premium
CUST2438,Darrell Fuller,East,Premium
CUST1139,Scott Williams,North,Premium
CUST2291,Michelle Bailey,West,Premium
CUST1167,Amber Mitchell,West,Basic
CUST2218,Anthony Hernandez,West,Standard
CUST2182,Tammy Carroll,East,Basic
CUST1542,Elizabeth Holder,North,Standard
CUST1459,Amanda Crawford,North,Basic
CUST1666,Shawn Stone,South,Basic
CUST1254,Sara Weaver,West,Standard
CUST1625,Daniel Martin,West,Standard
CUST1885,Lee Hunter,West,Premium
CUST2788,Stephanie Lopez,North,Basic
CUST2171,Jeffrey Garcia,West,Premium
CUST1332,Terry Robinson,East,Standard
CUST2694,Pedro Townsend,West,Standard
CUST1772,Paul Martinez,West,Basic
CUST1936,Chad Bird,West,Standard
CUST1835,Mrs. Nicole Patton,South,Basic
CUST2010,Kathryn Wagner,South,Basic
CUST1831,Jacob Johnson,West,Premium
CUST1176,Dylan Figueroa,East,Premium
CUST2367,Tony Nelson,West,Standard
CUST1863,Matthew Rivera,West,Standard
CUST2472,Jeffrey Jenkins,West,Basic
CUST1416,Monique Alvarez,West,Basic
CUST2051,Morgan Matthews,South,Basic
CUST2949,Lori White,West,Standard
CUST2391,Mark Molina,North,Basic
CUST1127,Aaron Moore,South,Premium
CUST1269,Christina Mcdonald,West,Standard
CUST1406,Amy Mccarthy DVM,South,Premium
CUST1045,Tanner Cruz,East,Standard
CUST2555,Daniel Jones,South,Standard
CUST2556,Vincent Hernandez,West,Premium
CUST1649,Daniel Hahn,South,Standard
CUST1836,Robert Stewart,South,Standard
CUST1189,Daryl Koch,South,Basic
CUST1610,Julie Wong,East,Basic
CUST1898,Wanda Anderson,East,Premium
CUST2398,Ann Cunningham,West,Basic
CUST2397,Kimberly Saunders,East,Basic
CUST1856,Aaron Coleman,East,Basic
CUST2266,Kimberly Cervantes,East,Standard
CUST1517,Brittany Huber,North,Standard
CUST1444,Beverly Wood,South,Premium
CUST2669,Danielle Charles,South,Basic
CUST2203,Alexandria Hall,North,Basic
CUST1692,Elizabeth Woods,North,Basic
CUST1879,Angela Baker,South,Standard
CUST2134,Eric Smith,East,Standard
CUST2610,Bobby Bailey,North,Standard
CUST2630,Mrs. Charlotte Brooks,East,Premium
CUST1495,James Freeman,East,Premium
CUST1767,Jamie Lowe,East,Standard
CUST1634,Todd Johnson,South,Basic
CUST1467,Victoria Shannon,West,Basic
CUST2630,Steven Wong,North,Basic
CUST1878,Travis Hebert,North,Premium
CUST2729,Darrell Morgan,East,Basic
CUST2668,Kevin Williams,West,Standard
CUST1035,Melanie Murphy,South,Basic
CUST2002,Timothy Evans,East,Standard
CUST1650,Dana Gates,West,Standard
CUST1247,Cynthia Russell,West,Standard
CUST1498,Jonathan Myers,East,Basic
CUST1328,Emily Reed,North,Basic
CUST2233,Lori Lara,East,Basic
CUST1387,James Marsh,South,Standard
CUST1300,Cheyenne Henderson,North,Premium
CUST1461,Diamond Cox,East,Standard
CUST1602,Brianna Nelson,North,Basic
CUST2894,Ryan Page,North,Premium
CUST1192,Bruce Knight,North,Basic
CUST1084,Victoria Tran,East,Basic
CUST1093,Alexander Armstrong,East,Basic
CUST1493,Mark Evans,West,Basic
CUST1225,Kellie Lloyd,North,Premium
